{
  "accuracy": 0.8327721661054994,
  "classification_report": {
    "0": {
      "precision": 0.852112676056338,
      "recall": 0.8816029143897997,
      "f1-score": 0.8666069829901522,
      "support": 549.0
    },
    "1": {
      "precision": 0.7987616099071208,
      "recall": 0.7543859649122807,
      "f1-score": 0.7759398496240602,
      "support": 342.0
    },
    "accuracy": 0.8327721661054994,
    "macro avg": {
      "precision": 0.8254371429817293,
      "recall": 0.8179944396510401,
      "f1-score": 0.8212734163071062,
      "support": 891.0
    },
    "weighted avg": {
      "precision": 0.8316344890495677,
      "recall": 0.8327721661054994,
      "f1-score": 0.8318054570516522,
      "support": 891.0
    }
  }
}